{ name: "Bedford", slug: "bedford", region: "Bedfordshire" },
{ name: "Leighton Buzzard", slug: "leighton-buzzard", region: "Bedfordshire" },
{ name: "Luton", slug: "luton", region: "Bedfordshire" },
{ name: "Reading", slug: "reading", region: "Berkshire" },
{ name: "Slough", slug: "slough", region: "Berkshire" },
{ name: "Aylesbury", slug: "aylesbury", region: "Buckinghamshire" },
{ name: "High Wycombe", slug: "high-wycombe", region: "Buckinghamshire" },
{ name: "Crewe", slug: "crewe", region: "Cheshire" },
{ name: "Macclesfield", slug: "macclesfield", region: "Cheshire" },
{ name: "Runcorn", slug: "runcorn", region: "Cheshire" },
{ name: "Warrington", slug: "warrington", region: "Cheshire" },
{ name: "Dronfield", slug: "dronfield", region: "Derbyshire" },
{ name: "Basildon", slug: "basildon", region: "Essex" },
{ name: "Chelmsford", slug: "chelmsford", region: "Essex" },
{ name: "Colchester", slug: "colchester", region: "Essex" },
{ name: "Southend-on-Sea", slug: "southend-on-sea", region: "Essex" },
{ name: "Cheltenham", slug: "cheltenham", region: "Gloucestershire" },
{ name: "Bolton", slug: "bolton", region: "Greater Manchester" },
{ name: "Oldham", slug: "oldham", region: "Greater Manchester" },
{ name: "Rochdale", slug: "rochdale", region: "Greater Manchester" },
{ name: "Salford", slug: "salford", region: "Greater Manchester" },
{ name: "Stockport", slug: "stockport", region: "Greater Manchester" },
{ name: "Portsmouth", slug: "portsmouth", region: "Hampshire" },
{ name: "Hemel Hempstead", slug: "hemel-hempstead", region: "Hertfordshire" },
{ name: "Stevenage", slug: "stevenage", region: "Hertfordshire" },
{ name: "Watford", slug: "watford", region: "Hertfordshire" },
{ name: "Welwyn Garden City", slug: "welwyn-garden-city", region: "Hertfordshire" },
{ name: "Coalville", slug: "coalville", region: "Leicestershire" },
{ name: "Loughborough", slug: "loughborough", region: "Leicestershire" },
{ name: "Grantham", slug: "grantham", region: "Lincolnshire" },
{ name: "Scunthorpe", slug: "scunthorpe", region: "Lincolnshire" },
{ name: "Birkenhead", slug: "birkenhead", region: "Merseyside" },
{ name: "Great Yarmouth", slug: "great-yarmouth", region: "Norfolk" },
{ name: "King's Lynn", slug: "kings-lynn", region: "Norfolk" },
{ name: "Thetford", slug: "thetford", region: "Norfolk" },
{ name: "Corby", slug: "corby", region: "Northamptonshire" },
{ name: "Kettering", slug: "kettering", region: "Northamptonshire" },
{ name: "Wellingborough", slug: "wellingborough", region: "Northamptonshire" },
{ name: "Mansfield", slug: "mansfield", region: "Nottinghamshire" },
{ name: "Banbury", slug: "banbury", region: "Oxfordshire" },
{ name: "Telford", slug: "telford", region: "Shropshire" },
{ name: "Bath", slug: "bath", region: "Somerset" },
{ name: "Taunton", slug: "taunton", region: "Somerset" },
{ name: "Weston-super-Mare", slug: "weston-super-mare", region: "Somerset" },
{ name: "Kingswood", slug: "kingswood", region: "South Gloucestershire" },
{ name: "Newport", slug: "newport", region: "South Wales" },
{ name: "Barnsley", slug: "barnsley", region: "South Yorkshire" },
{ name: "Doncaster", slug: "doncaster", region: "South Yorkshire" },
{ name: "Rotherham", slug: "rotherham", region: "South Yorkshire" },
{ name: "Burton upon Trent", slug: "burton-upon-trent", region: "Staffordshire" },
{ name: "Cannock", slug: "cannock", region: "Staffordshire" },
{ name: "Cannock Chase", slug: "cannock-chase", region: "Staffordshire" },
{ name: "Lichfield", slug: "lichfield", region: "Staffordshire" },
{ name: "Newcastle-under-Lyme", slug: "newcastle-under-lyme", region: "Staffordshire" },
{ name: "Stafford", slug: "stafford", region: "Staffordshire" },
{ name: "Tamworth", slug: "tamworth", region: "Staffordshire" },
{ name: "Bury St Edmunds", slug: "bury-st-edmunds", region: "Suffolk" },
{ name: "Lowestoft", slug: "lowestoft", region: "Suffolk" },
{ name: "Guildford", slug: "guildford", region: "Surrey" },
{ name: "Leamington Spa", slug: "leamington-spa", region: "Warwickshire" },
{ name: "Nuneaton", slug: "nuneaton", region: "Warwickshire" },
{ name: "Rugby", slug: "rugby", region: "Warwickshire" },
{ name: "Dudley", slug: "dudley", region: "West Midlands" },
{ name: "Solihull", slug: "solihull", region: "West Midlands" },
{ name: "Sutton Coldfield", slug: "sutton-coldfield", region: "West Midlands" },
{ name: "Walsall", slug: "walsall", region: "West Midlands" },
{ name: "Halifax", slug: "halifax", region: "West Yorkshire" },
{ name: "Huddersfield", slug: "huddersfield", region: "West Yorkshire" },
{ name: "Salisbury", slug: "salisbury", region: "Wiltshire" },
{ name: "Kidderminster", slug: "kidderminster", region: "Worcestershire" },
{ name: "Redditch", slug: "redditch", region: "Worcestershire" }